,dt
3660,3600.0
3661,3600.0
3662,3600.0
3663,3600.0
3664,3600.0
3665,3600.0
3666,3600.0
3667,3600.0
3668,3600.0
3669,3600.0
3670,3600.0
3671,3600.0
3672,3600.0
3673,3600.0
3674,3600.0
3675,3600.0
3676,3600.0
3677,3600.0
3678,3600.0
3679,3600.0
3680,3600.0
3681,3600.0
3682,3600.0
3683,3600.0
3684,3600.0
3685,3600.0
3686,3600.0
3687,3600.0
3688,3600.0
3689,3600.0
3690,3600.0
3691,3600.0
3692,3600.0
3693,3600.0
3694,3600.0
3695,3600.0
3696,3600.0
3697,3600.0
3698,3600.0
3699,3600.0
3700,3600.0
3701,3600.0
3702,3600.0
3703,3600.0
3704,3600.0
3705,3600.0
3706,3600.0
3707,3600.0
3708,3600.0
3709,3600.0
3710,3600.0
3711,3600.0
3712,3600.0
3713,3600.0
3714,3600.0
3715,3600.0
3716,3600.0
3717,3600.0
3718,3600.0
3719,3600.0
3720,3600.0
3721,3600.0
3722,3600.0
3723,3600.0
3724,3600.0
3725,3600.0
3726,3600.0
3727,3600.0
3728,3600.0
3729,3600.0
3730,3600.0
3731,7200.0
3732,3600.0
3733,3600.0
3734,3600.0
3735,3600.0
3736,3600.0
3737,3600.0
3738,3600.0
3739,3600.0
3740,3600.0
3741,3600.0
3742,3600.0
3743,3600.0
3744,3600.0
3745,3600.0
3746,3600.0
3747,3600.0
3748,3600.0
3749,3600.0
3750,3600.0
3751,3600.0
3752,3600.0
3753,3600.0
3754,3600.0
3755,3600.0
3756,3600.0
3757,3600.0
3758,3600.0
3759,3600.0
3760,3600.0
3761,3600.0
3762,3600.0
3763,3600.0
3764,3600.0
3765,3600.0
3766,3600.0
3767,3600.0
3768,3600.0
3769,3600.0
3770,3600.0
3771,3600.0
3772,3600.0
3773,3600.0
3774,3660.0
3775,3540.0
3776,3600.0
3777,3600.0
3778,3600.0
3779,7200.0
3780,3600.0
3781,3600.0
3782,3600.0
3783,3600.0
3784,3600.0
3785,3600.0
3786,3600.0
3787,7200.0
3788,3600.0
3789,3600.0
3790,3600.0
3791,3600.0
3792,3600.0
3793,3600.0
3794,3600.0
3795,3600.0
3796,3600.0
3797,3600.0
3798,3600.0
3799,3600.0
3800,3600.0
3801,3600.0
3802,3600.0
3803,7200.0
3804,3600.0
3805,7200.0
3806,3600.0
3807,3600.0
3808,3600.0
3809,3600.0
3810,3600.0
3811,3600.0
3812,3600.0
3813,3600.0
3814,3600.0
3815,3600.0
3816,3600.0
3817,3600.0
3818,3600.0
3819,3600.0
3820,3600.0
3821,3600.0
3822,3600.0
3823,3600.0
3824,3600.0
3825,3600.0
3826,3600.0
3827,3600.0
3828,3600.0
3829,3600.0
3830,3600.0
3831,3600.0
3832,3600.0
3833,3600.0
3834,3600.0
3835,3600.0
3836,3600.0
3837,3600.0
3838,3600.0
3839,3600.0
3840,3600.0
3841,3600.0
3842,3600.0
3843,3600.0
3844,3600.0
3845,3600.0
3846,3600.0
3847,3600.0
3848,3600.0
3849,3600.0
3850,3600.0
3851,3600.0
3852,3600.0
3853,3600.0
3854,7200.0
3855,3600.0
3856,3600.0
3857,3600.0
3858,3600.0
3859,3600.0
3860,3600.0
3861,3600.0
3862,3600.0
3863,3600.0
3864,3600.0
3865,3600.0
3866,3600.0
3867,3600.0
3868,3600.0
3869,3600.0
3870,3660.0
3871,3540.0
3872,3600.0
3873,3600.0
3874,3600.0
3875,3660.0
3876,3540.0
3877,3600.0
3878,3600.0
3879,3660.0
3880,3540.0
3881,3600.0
3882,3600.0
3883,3660.0
3884,3540.0
3885,3600.0
3886,3600.0
3887,3600.0
3888,3600.0
3889,3600.0
3890,3600.0
3891,3600.0
3892,3600.0
3893,3600.0
3894,3600.0
3895,3600.0
3896,3600.0
3897,3600.0
3898,3600.0
3899,3600.0
3900,3600.0
3901,3600.0
3902,3600.0
3903,3600.0
3904,3600.0
3905,3600.0
3906,3600.0
3907,3600.0
3908,3600.0
3909,3600.0
3910,3600.0
3911,3600.0
3912,3600.0
3913,3600.0
3914,3600.0
3915,3600.0
3916,3600.0
3917,3600.0
3918,3600.0
3919,3600.0
3920,3600.0
3921,3600.0
3922,3600.0
3923,3600.0
3924,3600.0
3925,3600.0
3926,3600.0
3927,3600.0
3928,3600.0
3929,3600.0
3930,3600.0
3931,3600.0
3932,3600.0
3933,3600.0
3934,3600.0
3935,3600.0
3936,3600.0
3937,3600.0
3938,3600.0
3939,3600.0
3940,3600.0
3941,3600.0
3942,3600.0
3943,3600.0
3944,3600.0
3945,3600.0
3946,3600.0
3947,3600.0
3948,3600.0
3949,3600.0
3950,3600.0
3951,3600.0
3952,3600.0
3953,3600.0
3954,3600.0
3955,3600.0
3956,3600.0
3957,3600.0
3958,3600.0
3959,3600.0
3960,3600.0
3961,3600.0
3962,3600.0
3963,3600.0
3964,3600.0
3965,3600.0
3966,3600.0
3967,3600.0
3968,3600.0
3969,3600.0
3970,3600.0
3971,3600.0
3972,3600.0
3973,3600.0
3974,3600.0
3975,3600.0
3976,3600.0
3977,3600.0
3978,3600.0
3979,3600.0
3980,3600.0
3981,3600.0
3982,3600.0
3983,3600.0
3984,3600.0
3985,3600.0
3986,3600.0
3987,3600.0
3988,3600.0
3989,3600.0
3990,3600.0
3991,3600.0
3992,3600.0
3993,3600.0
3994,3600.0
3995,3600.0
3996,3600.0
3997,3600.0
3998,3600.0
3999,3600.0
4000,3600.0
4001,3600.0
4002,3600.0
4003,3600.0
4004,3600.0
4005,3600.0
4006,3600.0
4007,3660.0
4008,3540.0
4009,3600.0
4010,3600.0
4011,3720.0
4012,3480.0
4013,3600.0
4014,3600.0
4015,3600.0
4016,3600.0
4017,3600.0
4018,3600.0
4019,3660.0
4020,3540.0
4021,3600.0
4022,3600.0
4023,3600.0
4024,3600.0
4025,11040.0
4026,3360.0
4027,3600.0
4028,3600.0
4029,3600.0
4030,7440.0
4031,3360.0
4032,7320.0
4033,3480.0
4034,3600.0
4035,3600.0
4036,3600.0
4037,3600.0
4038,3600.0
4039,3600.0
4040,3600.0
4041,7200.0
4042,3720.0
4043,3480.0
4044,3600.0
4045,3600.0
4046,3600.0
4047,3780.0
4048,3420.0
4049,3600.0
4050,3600.0
4051,3600.0
4052,3600.0
4053,3600.0
4054,3600.0
4055,3600.0
4056,3600.0
4057,3600.0
4058,3600.0
4059,3600.0
4060,3600.0
4061,3600.0
4062,3600.0
4063,3600.0
4064,3600.0
4065,3600.0
4066,3600.0
4067,3600.0
4068,3600.0
4069,3600.0
4070,3600.0
4071,3600.0
4072,3600.0
4073,3600.0
4074,3600.0
4075,3600.0
4076,3600.0
4077,3600.0
4078,3600.0
4079,3600.0
4080,3600.0
4081,3600.0
4082,3600.0
4083,3600.0
4084,3600.0
4085,7200.0
4086,3600.0
4087,3600.0
4088,3600.0
4089,3600.0
4090,3600.0
4091,3600.0
4092,3600.0
4093,3600.0
4094,3600.0
4095,3600.0
4096,3660.0
4097,3540.0
4098,3600.0
4099,3600.0
4100,3600.0
4101,3600.0
4102,3600.0
4103,3600.0
4104,3600.0
4105,3600.0
4106,3600.0
4107,3600.0
4108,3660.0
4109,3540.0
4110,3600.0
4111,3600.0
4112,3600.0
4113,3600.0
4114,3600.0
4115,3600.0
4116,3600.0
4117,3600.0
4118,3600.0
4119,3600.0
4120,3600.0
4121,3600.0
4122,3600.0
4123,3600.0
4124,3600.0
4125,3840.0
4126,3360.0
4127,3600.0
4128,3600.0
4129,3600.0
4130,3660.0
4131,3540.0
4132,3600.0
4133,3600.0
4134,3600.0
4135,3600.0
4136,3600.0
4137,3600.0
4138,3660.0
4139,3600.0
4140,3540.0
4141,3600.0
4142,3600.0
4143,3660.0
4144,3600.0
4145,3540.0
4146,3600.0
4147,3600.0
4148,3600.0
4149,3660.0
4150,3540.0
4151,3600.0
4152,3600.0
4153,7200.0
4154,3600.0
4155,3600.0
4156,3600.0
4157,3600.0
4158,3600.0
4159,7200.0
4160,3600.0
4161,3600.0
4162,3600.0
4163,3600.0
4164,3600.0
4165,3600.0
4166,3600.0
4167,3600.0
4168,3600.0
4169,3600.0
4170,3600.0
4171,3600.0
4172,3600.0
4173,3600.0
4174,3600.0
4175,3600.0
4176,3600.0
4177,3660.0
4178,3540.0
4179,3600.0
4180,3600.0
4181,3600.0
4182,3600.0
4183,3600.0
4184,3600.0
4185,3600.0
4186,3600.0
4187,3660.0
4188,3660.0
4189,3480.0
4190,3600.0
4191,3600.0
4192,3600.0
4193,3600.0
4194,3600.0
4195,3600.0
4196,3600.0
4197,3600.0
4198,3600.0
4199,3600.0
4200,3600.0
4201,3600.0
4202,3600.0
4203,3600.0
4204,3600.0
4205,3600.0
4206,3660.0
4207,3720.0
4208,3540.0
4209,3480.0
4210,3600.0
4211,3600.0
4212,3600.0
4213,3600.0
4214,7200.0
4215,7200.0
4216,3600.0
4217,3600.0
4218,3600.0
4219,3600.0
4220,7200.0
4221,3600.0
4222,3600.0
4223,3660.0
4224,7320.0
4225,3420.0
4226,11040.0
4227,3360.0
4228,3600.0
4229,3600.0
4230,3600.0
4231,3840.0
4232,3360.0
4233,3600.0
4234,3600.0
4235,3600.0
4236,3600.0
4237,3600.0
4238,3660.0
4239,3540.0
4240,3600.0
4241,3600.0
4242,3600.0
4243,3600.0
4244,3600.0
4245,3600.0
4246,3600.0
4247,3600.0
4248,3600.0
4249,3600.0
4250,3600.0
4251,3600.0
4252,3600.0
4253,3600.0
4254,3600.0
4255,3600.0
4256,3600.0
4257,3600.0
4258,3600.0
4259,3600.0
4260,3600.0
4261,3600.0
4262,3600.0
4263,3600.0
4264,3600.0
4265,3600.0
4266,3600.0
4267,3600.0
4268,3600.0
4269,3600.0
4270,3600.0
4271,3600.0
4272,3600.0
4273,3600.0
4274,3600.0
4275,3600.0
4276,3600.0
4277,3600.0
4278,3600.0
4279,3600.0
4280,3600.0
4281,3600.0
4282,3600.0
4283,3600.0
4284,3600.0
4285,3600.0
4286,3600.0
4287,3600.0
4288,3600.0
4289,3600.0
4290,3600.0
4291,3600.0
4292,3600.0
4293,3600.0
4294,3600.0
4295,3600.0
4296,3600.0
4297,3660.0
4298,3540.0
4299,3600.0
4300,3600.0
4301,3780.0
4302,3420.0
4303,3600.0
4304,7200.0
4305,3600.0
4306,3600.0
4307,3600.0
4308,3600.0
4309,3840.0
4310,3360.0
4311,3600.0
4312,3720.0
4313,3480.0
4314,3600.0
4315,3600.0
4316,7380.0
4317,3480.0
4318,3720.0
4319,7020.0
4320,7200.0
7894,3600.0
7895,3600.0
7896,3600.0
7897,3600.0
7898,3600.0
7899,3600.0
7900,3600.0
7901,3600.0
7902,3600.0
7903,3600.0
7904,3600.0
7905,3600.0
7906,3600.0
7907,3600.0
7908,3660.0
7909,3540.0
7910,3600.0
7911,3600.0
7912,3600.0
7913,3600.0
7914,3600.0
7915,3600.0
7916,3600.0
7917,3600.0
7918,3600.0
7919,3600.0
7920,3600.0
7921,3600.0
7922,3600.0
7923,3600.0
7924,3600.0
7925,3600.0
7926,3600.0
7927,3600.0
7928,3600.0
7929,3600.0
7930,3600.0
7931,3600.0
7932,3600.0
7933,3600.0
7934,3600.0
7935,3600.0
7936,3600.0
7937,3600.0
7938,3600.0
7939,3600.0
7940,3600.0
7941,3600.0
7942,3600.0
7943,3600.0
7944,3600.0
7945,3600.0
7946,3600.0
7947,3600.0
7948,3600.0
7949,3600.0
7950,3600.0
7951,3600.0
7952,3600.0
7953,3600.0
7954,3600.0
7955,3600.0
7956,3600.0
7957,3600.0
7958,3600.0
7959,3600.0
7960,3600.0
7961,3600.0
7962,3600.0
7963,3600.0
7964,3600.0
7965,3600.0
7966,7200.0
7967,3600.0
7968,3600.0
7969,3600.0
7970,7200.0
7971,3600.0
7972,3600.0
7973,3600.0
7974,3600.0
7975,3600.0
7976,3600.0
7977,3600.0
7978,3600.0
7979,3600.0
7980,3600.0
7981,3600.0
7982,3600.0
7983,3600.0
7984,3600.0
7985,3600.0
7986,3600.0
7987,3600.0
7988,3600.0
7989,3600.0
7990,3600.0
7991,3600.0
7992,3600.0
7993,3600.0
7994,3600.0
7995,3600.0
7996,3600.0
7997,3600.0
7998,3600.0
7999,3600.0
8000,3600.0
8001,3600.0
8002,3600.0
8003,3600.0
8004,3600.0
8005,3600.0
8006,3600.0
8007,3600.0
8008,3600.0
8009,3600.0
8010,3600.0
8011,3600.0
8012,3600.0
8013,3600.0
8014,3600.0
8015,3600.0
8016,3600.0
8017,3600.0
8018,3600.0
8019,3600.0
8020,3600.0
8021,3600.0
8022,3600.0
8023,3600.0
8024,3600.0
8025,3600.0
8026,3600.0
8027,3600.0
8028,3600.0
8029,3600.0
8030,3600.0
8031,3600.0
8032,3600.0
8033,3600.0
8034,3600.0
8035,3600.0
8036,3600.0
8037,3600.0
8038,3600.0
8039,3600.0
8040,3600.0
8041,3600.0
8042,3600.0
8043,3600.0
8044,3600.0
8045,3600.0
8046,3600.0
8047,3600.0
8048,3600.0
8049,3600.0
8050,3600.0
8051,3600.0
8052,3600.0
8053,3600.0
8054,3600.0
8055,3600.0
8056,3600.0
8057,3600.0
8058,3600.0
8059,3600.0
8060,3600.0
8061,3600.0
8062,3600.0
8063,3600.0
8064,3600.0
8065,3600.0
8066,3600.0
8067,3600.0
8068,3600.0
8069,3600.0
8070,3600.0
8071,3600.0
8072,3600.0
8073,3600.0
8074,3600.0
8075,3600.0
8076,3600.0
8077,3600.0
8078,3600.0
8079,3600.0
8080,3600.0
8081,3600.0
8082,3600.0
8083,3600.0
8084,3600.0
8085,3600.0
8086,3600.0
8087,3600.0
8088,3600.0
8089,3600.0
8090,3600.0
8091,3600.0
8092,3600.0
8093,3600.0
8094,3600.0
8095,3600.0
8096,3600.0
8097,3600.0
8098,3600.0
8099,3600.0
8100,3600.0
8101,3600.0
8102,3600.0
8103,3600.0
8104,3600.0
8105,3600.0
8106,3600.0
8107,3600.0
8108,3600.0
8109,3600.0
8110,3600.0
8111,3600.0
8112,3600.0
8113,3600.0
8114,3600.0
8115,3600.0
8116,3600.0
8117,3600.0
8118,3600.0
8119,3600.0
8120,3600.0
8121,3600.0
8122,3600.0
8123,3600.0
8124,3600.0
8125,3600.0
8126,3600.0
8127,3600.0
8128,3600.0
8129,3600.0
8130,3600.0
8131,3600.0
8132,3600.0
8133,3600.0
8134,3600.0
8135,3600.0
8136,3600.0
8137,3600.0
8138,3600.0
8139,3600.0
8140,3600.0
8141,3600.0
8142,3600.0
8143,3600.0
8144,3600.0
8145,3600.0
8146,3600.0
8147,3600.0
8148,3600.0
8149,3600.0
8150,3600.0
8151,3600.0
8152,3600.0
8153,3600.0
8154,3600.0
8155,3600.0
8156,3600.0
8157,3600.0
8158,3600.0
8159,3600.0
8160,3600.0
8161,3600.0
8162,3600.0
8163,3600.0
8164,3600.0
8165,3600.0
8166,3600.0
8167,3600.0
8168,3600.0
8169,3600.0
8170,3600.0
8171,3600.0
8172,3600.0
8173,3600.0
8174,3600.0
8175,3600.0
8176,3600.0
8177,3600.0
8178,3600.0
8179,3600.0
8180,3600.0
8181,3600.0
8182,3600.0
8183,3660.0
8184,3540.0
8185,3600.0
8186,3600.0
8187,3600.0
8188,3600.0
8189,3600.0
8190,3600.0
8191,3660.0
8192,3540.0
8193,3600.0
8194,3600.0
8195,3600.0
8196,3600.0
8197,3600.0
8198,3600.0
8199,3600.0
8200,3600.0
8201,3600.0
8202,3660.0
8203,3540.0
8204,3600.0
8205,7200.0
8206,3600.0
8207,3600.0
8208,3600.0
8209,3600.0
8210,3720.0
8211,3480.0
8212,3600.0
8213,3600.0
8214,3600.0
8215,3600.0
8216,3600.0
8217,3600.0
8218,3600.0
8219,3600.0
8220,3600.0
8221,3600.0
8222,3600.0
8223,3600.0
8224,3600.0
8225,3600.0
8226,3600.0
8227,3600.0
8228,3600.0
8229,3600.0
8230,3600.0
8231,3600.0
8232,3600.0
8233,3600.0
8234,3600.0
8235,3600.0
8236,3600.0
8237,3600.0
8238,3600.0
8239,3600.0
8240,3600.0
8241,3600.0
8242,3600.0
8243,3600.0
8244,3600.0
8245,3600.0
8246,3600.0
8247,3600.0
8248,3600.0
8249,3600.0
8250,3600.0
8251,3600.0
8252,3600.0
8253,3600.0
8254,3600.0
8255,3600.0
8256,3600.0
8257,3600.0
8258,3600.0
8259,3600.0
8260,3600.0
8261,3600.0
8262,3600.0
8263,3600.0
8264,3600.0
8265,3600.0
8266,3600.0
8267,3600.0
8268,3600.0
8269,3780.0
8270,3420.0
8271,3600.0
8272,3720.0
8273,3480.0
8274,3600.0
8275,3600.0
8276,3600.0
8277,7200.0
8278,3600.0
8279,3660.0
8280,3540.0
8281,3600.0
8282,3600.0
8283,3600.0
8284,3600.0
8285,3600.0
8286,3600.0
8287,3660.0
8288,3660.0
8289,3480.0
8290,3720.0
8291,3480.0
8292,3720.0
8293,3480.0
8294,3600.0
8295,3600.0
8296,3600.0
8297,3600.0
8298,3600.0
8299,3600.0
8300,3660.0
8301,3540.0
8302,3600.0
8303,3600.0
8304,3600.0
8305,3600.0
8306,3600.0
8307,3660.0
8308,3540.0
8309,3600.0
8310,3600.0
8311,3600.0
8312,3600.0
8313,3600.0
8314,3600.0
8315,3600.0
8316,3600.0
8317,3600.0
8318,3600.0
8319,3600.0
8320,3600.0
8321,3600.0
8322,3600.0
8323,3600.0
8324,3600.0
8325,3600.0
8326,3600.0
8327,3600.0
8328,3600.0
8329,3600.0
8330,3600.0
8331,3600.0
8332,3600.0
8333,3600.0
8334,3600.0
8335,3600.0
8336,3600.0
8337,3600.0
8338,3600.0
8339,3600.0
8340,3600.0
8341,3600.0
8342,3600.0
8343,3600.0
8344,3600.0
8345,3600.0
8346,3600.0
8347,3600.0
8348,3600.0
8349,3600.0
8350,3600.0
8351,3600.0
8352,3600.0
8353,3600.0
8354,3600.0
8355,3600.0
8356,3600.0
8357,3600.0
8358,3600.0
8359,3600.0
8360,3600.0
8361,3600.0
8362,3600.0
8363,3600.0
8364,3600.0
8365,3720.0
8366,3480.0
8367,3600.0
8368,3600.0
8369,3600.0
8370,3600.0
8371,3600.0
8372,3600.0
8373,3600.0
8374,3600.0
8375,3600.0
8376,3600.0
8377,3600.0
8378,3600.0
8379,3600.0
8380,3600.0
8381,3600.0
8382,3600.0
8383,3660.0
8384,3540.0
8385,3600.0
8386,3600.0
8387,3600.0
8388,3600.0
8389,3600.0
8390,3600.0
8391,3600.0
8392,3600.0
8393,3600.0
8394,3600.0
8395,3600.0
8396,3600.0
8397,3600.0
8398,3600.0
8399,3600.0
8400,3600.0
8401,3600.0
8402,3660.0
8403,3540.0
8404,3600.0
8405,3600.0
8406,3600.0
8407,3720.0
8408,3480.0
8409,3600.0
8410,3600.0
8411,3600.0
8412,3600.0
8413,3600.0
8414,3600.0
8415,3720.0
8416,3480.0
8417,3780.0
8418,3420.0
8419,3600.0
8420,3600.0
8421,7200.0
8422,3780.0
8423,3420.0
8424,3600.0
8425,3720.0
8426,3480.0
8427,3600.0
8428,3600.0
8429,3660.0
8430,3540.0
8431,3600.0
8432,3840.0
8433,3360.0
8434,3600.0
8435,3600.0
8436,3600.0
8437,3600.0
8438,3780.0
8439,3420.0
8440,3600.0
8441,7320.0
8442,3480.0
8443,3600.0
8444,3600.0
8445,3600.0
8446,3600.0
8447,3600.0
8448,3600.0
8449,3720.0
8450,3480.0
8451,3600.0
8452,3600.0
8453,3600.0
8454,3600.0
8455,3600.0
8456,3600.0
8457,3600.0
8458,3600.0
8459,3600.0
8460,3600.0
8461,3600.0
8462,3600.0
8463,3600.0
8464,7200.0
8465,3600.0
8466,3600.0
8467,3600.0
8468,3600.0
8469,3600.0
8470,3600.0
8471,3600.0
8472,3600.0
8473,3600.0
8474,3600.0
8475,3600.0
8476,7200.0
8477,3600.0
8478,3600.0
8479,3600.0
8480,3600.0
8481,3600.0
8482,3600.0
8483,3600.0
8484,3600.0
8485,3600.0
8486,3600.0
8487,3600.0
8488,3600.0
8489,3660.0
8490,3540.0
8491,3600.0
8492,3600.0
8493,3600.0
8494,3600.0
8495,3600.0
8496,3600.0
8497,3600.0
8498,3600.0
8499,3600.0
8500,3600.0
8501,3600.0
8502,3600.0
8503,3600.0
8504,3600.0
8505,3600.0
8506,3600.0
8507,3600.0
8508,3600.0
8509,3600.0
8510,7200.0
8511,3600.0
8512,3600.0
8513,3600.0
8514,3600.0
8515,3600.0
8516,3720.0
8517,3480.0
8518,3600.0
8519,3600.0
8520,3600.0
8521,3600.0
8522,3600.0
8523,3600.0
8524,3600.0
8525,3600.0
8526,3600.0
8527,3600.0
8528,3600.0
8529,3600.0
8530,3600.0
8531,3600.0
8532,3600.0
8533,3600.0
8534,3600.0
8535,3600.0
8536,3600.0
8537,3600.0
8538,3600.0
8539,3600.0
8540,3600.0
8541,3600.0
8542,3600.0
8543,3600.0
8544,3600.0
8545,3600.0
8546,3600.0
8547,3600.0
8548,3600.0
8549,3600.0
8550,3600.0
8551,3600.0
8552,3660.0
8553,3540.0
8554,3600.0
8555,3600.0
8556,3600.0
8557,3600.0
8558,3600.0
8559,3600.0
8560,3600.0
8561,3600.0
8562,7200.0
8563,3600.0
8564,3600.0
8565,3720.0
8566,3480.0
8567,3600.0
8568,3660.0
12145,3600.0
12146,3600.0
12147,3600.0
12148,3600.0
12149,3600.0
12150,3600.0
12151,3600.0
12152,3600.0
12153,3600.0
12154,3600.0
12155,3600.0
12156,3600.0
12157,3600.0
12158,3600.0
12159,3600.0
12160,3600.0
12161,3600.0
12162,3600.0
12163,3600.0
12164,3600.0
12165,3600.0
12166,3600.0
12167,3600.0
12168,3600.0
12169,3600.0
12170,3600.0
12171,3600.0
12172,3600.0
12173,3600.0
12174,10800.0
12175,3600.0
12176,3600.0
12177,3600.0
12178,3600.0
12179,3600.0
12180,3600.0
12181,3600.0
12182,3600.0
12183,3600.0
12184,3600.0
12185,3600.0
12186,3600.0
12187,3600.0
12188,3600.0
12189,3600.0
12190,3600.0
12191,3600.0
12192,3600.0
12193,3600.0
12194,3600.0
12195,3600.0
12196,3600.0
12197,3600.0
12198,3600.0
12199,3600.0
12200,3600.0
12201,3600.0
12202,3600.0
12203,3600.0
12204,3600.0
12205,3600.0
12206,3600.0
12207,3600.0
12208,3600.0
12209,3600.0
12210,3600.0
12211,3600.0
12212,3600.0
12213,3600.0
12214,7200.0
12215,3600.0
12216,7200.0
12217,3600.0
12218,3600.0
12219,3600.0
12220,3600.0
12221,3600.0
12222,3600.0
12223,3600.0
12224,3600.0
12225,3600.0
12226,3600.0
12227,3600.0
12228,3600.0
12229,3600.0
12230,3600.0
12231,3600.0
12232,3600.0
12233,3600.0
12234,3600.0
12235,3600.0
12236,3600.0
12237,3600.0
12238,3600.0
12239,3600.0
12240,3600.0
12241,3600.0
12242,3600.0
12243,3600.0
12244,3600.0
12245,3600.0
12246,3600.0
12247,3600.0
12248,3600.0
12249,3600.0
12250,3600.0
12251,3600.0
12252,3600.0
12253,3600.0
12254,3600.0
12255,3600.0
12256,3600.0
12257,3600.0
12258,3600.0
12259,3600.0
12260,3600.0
12261,3600.0
12262,3600.0
12263,3600.0
12264,3600.0
12265,3600.0
12266,3600.0
12267,3600.0
12268,3600.0
12269,3600.0
12270,3600.0
12271,3600.0
12272,3600.0
12273,3600.0
12274,3600.0
12275,3600.0
12276,3600.0
12277,3600.0
12278,3600.0
12279,3600.0
12280,3600.0
12281,3600.0
12282,3600.0
12283,3600.0
12284,3600.0
12285,3600.0
12286,3600.0
12287,3600.0
12288,3600.0
12289,3600.0
12290,3600.0
12291,3600.0
12292,7200.0
12293,3600.0
12294,3600.0
12295,3600.0
12296,3600.0
12297,3600.0
12298,3600.0
12299,3600.0
12300,3600.0
12301,3600.0
12302,3600.0
12303,3600.0
12304,3600.0
12305,3600.0
12306,3600.0
12307,3600.0
12308,3600.0
12309,3600.0
12310,3600.0
12311,3600.0
12312,3600.0
12313,3600.0
12314,3600.0
12315,3600.0
12316,3600.0
12317,3600.0
12318,3600.0
12319,3600.0
12320,3600.0
12321,3600.0
12322,3600.0
12323,3600.0
12324,3600.0
12325,3600.0
12326,3600.0
12327,3600.0
12328,3600.0
12329,7200.0
12330,3600.0
12331,3600.0
12332,3600.0
12333,3600.0
12334,3600.0
12335,3600.0
12336,3600.0
12337,3600.0
12338,3600.0
12339,3600.0
12340,3600.0
12341,3600.0
12342,3600.0
12343,3600.0
12344,3600.0
12345,3600.0
12346,3600.0
12347,3600.0
12348,3600.0
12349,3600.0
12350,3600.0
12351,3600.0
12352,3600.0
12353,3600.0
12354,3600.0
12355,3600.0
12356,3600.0
12357,3600.0
12358,3600.0
12359,3600.0
12360,3600.0
12361,3600.0
12362,3600.0
12363,7200.0
12364,3600.0
12365,3600.0
12366,3600.0
12367,3600.0
12368,3600.0
12369,3600.0
12370,3600.0
12371,3600.0
12372,3600.0
12373,7200.0
12374,3600.0
12375,3600.0
12376,3600.0
12377,3600.0
12378,3600.0
12379,3600.0
12380,3660.0
12381,7140.0
12382,3600.0
12383,3600.0
12384,3600.0
12385,3600.0
12386,3600.0
12387,3600.0
12388,3600.0
12389,3600.0
12390,3600.0
12391,3600.0
12392,3600.0
12393,3600.0
12394,3600.0
12395,3600.0
12396,3600.0
12397,3600.0
12398,3600.0
12399,3600.0
12400,3600.0
12401,3600.0
12402,3600.0
12403,3600.0
12404,3600.0
12405,3600.0
12406,3600.0
12407,3600.0
12408,3600.0
12409,3600.0
12410,3600.0
12411,3600.0
12412,3600.0
12413,3600.0
12414,3600.0
12415,3600.0
12416,3600.0
12417,3600.0
12418,3600.0
12419,3600.0
12420,3600.0
12421,3600.0
12422,3600.0
12423,3600.0
12424,3600.0
12425,3600.0
12426,3600.0
12427,3600.0
12428,3600.0
12429,3600.0
12430,3600.0
12431,3600.0
12432,3600.0
12433,7200.0
12434,3600.0
12435,3600.0
12436,3600.0
12437,3600.0
12438,3600.0
12439,3600.0
12440,3600.0
12441,3600.0
12442,3600.0
12443,3600.0
12444,3600.0
12445,3600.0
12446,3600.0
12447,3600.0
12448,3600.0
12449,7200.0
12450,3600.0
12451,3600.0
12452,3600.0
12453,3600.0
12454,3600.0
12455,3600.0
12456,3600.0
12457,3600.0
12458,3600.0
12459,3600.0
12460,3600.0
12461,3600.0
12462,3600.0
12463,3600.0
12464,3600.0
12465,3600.0
12466,3600.0
12467,3600.0
12468,3600.0
12469,3600.0
12470,3600.0
12471,3600.0
12472,3600.0
12473,3600.0
12474,3600.0
12475,3600.0
12476,3600.0
12477,3600.0
12478,3600.0
12479,3600.0
12480,3600.0
12481,3600.0
12482,3660.0
12483,3540.0
12484,3600.0
12485,3600.0
12486,3600.0
12487,3660.0
12488,3540.0
12489,3600.0
12490,3600.0
12491,3600.0
12492,3600.0
12493,3600.0
12494,3600.0
12495,3600.0
12496,3600.0
12497,3600.0
12498,7200.0
12499,3600.0
12500,3600.0
12501,7200.0
12502,3600.0
12503,3600.0
12504,3600.0
12505,3600.0
12506,3600.0
12507,3600.0
12508,3600.0
12509,3600.0
12510,3600.0
12511,3600.0
12512,3600.0
12513,3600.0
12514,3600.0
12515,3660.0
12516,3540.0
12517,3600.0
12518,3600.0
12519,3600.0
12520,3600.0
12521,3600.0
12522,3600.0
12523,3660.0
12524,3540.0
12525,3600.0
12526,3600.0
12527,3660.0
12528,3540.0
12529,3600.0
12530,3660.0
12531,3540.0
12532,3600.0
12533,3600.0
12534,3600.0
12535,3600.0
12536,3660.0
12537,3600.0
12538,3540.0
12539,3660.0
12540,3540.0
12541,3600.0
12542,3600.0
12543,3600.0
12544,3600.0
12545,3600.0
12546,3600.0
12547,3600.0
12548,3600.0
12549,3660.0
12550,3540.0
12551,3600.0
12552,3600.0
12553,3600.0
12554,3600.0
12555,3600.0
12556,3600.0
12557,3600.0
12558,3600.0
12559,3600.0
12560,3600.0
12561,3600.0
12562,3600.0
12563,3600.0
12564,3600.0
12565,3600.0
12566,3600.0
12567,3600.0
12568,3600.0
12569,3600.0
12570,3600.0
12571,3600.0
12572,3600.0
12573,3600.0
12574,3600.0
12575,3600.0
12576,3600.0
12577,3600.0
12578,7200.0
12579,3600.0
12580,3660.0
12581,3540.0
12582,3600.0
12583,3600.0
12584,3600.0
12585,3600.0
12586,3600.0
12587,3660.0
12588,3540.0
12589,3600.0
12590,3660.0
12591,3540.0
12592,3600.0
12593,3600.0
12594,3600.0
12595,3720.0
12596,3480.0
12597,3600.0
12598,3600.0
12599,7200.0
12600,3660.0
12601,3600.0
12602,3540.0
12603,3600.0
12604,3600.0
12605,3600.0
12606,3600.0
12607,3660.0
12608,3540.0
12609,7440.0
12610,3360.0
12611,7200.0
12612,3600.0
12613,3600.0
12614,3600.0
12615,3600.0
12616,3600.0
12617,3660.0
12618,3540.0
12619,3600.0
12620,3780.0
12621,3480.0
12622,14400.0
12623,7200.0
12624,3600.0
12625,3540.0
12626,3600.0
12627,3600.0
12628,7260.0
12629,7200.0
12630,3540.0
12631,3600.0
12632,3600.0
12633,3600.0
12634,3600.0
12635,3660.0
12636,3540.0
12637,3600.0
12638,10980.0
12639,3420.0
12640,3600.0
12641,3660.0
12642,3540.0
12643,3600.0
12644,7320.0
12645,3480.0
12646,3600.0
12647,3600.0
12648,3600.0
12649,3600.0
12650,3780.0
12651,3480.0
12652,3540.0
12653,3600.0
12654,3660.0
12655,7320.0
12656,3600.0
12657,3420.0
12658,3600.0
12659,3600.0
12660,3840.0
12661,3360.0
12662,3600.0
12663,3600.0
12664,3600.0
12665,3600.0
12666,3600.0
12667,3600.0
12668,3600.0
12669,3600.0
12670,3600.0
12671,3600.0
12672,3600.0
12673,3600.0
12674,3600.0
12675,7200.0
12676,3600.0
12677,3660.0
12678,3540.0
12679,3600.0
12680,3600.0
12681,3720.0
12682,3480.0
12683,3600.0
12684,3600.0
12685,7200.0
12686,3600.0
12687,3600.0
12688,3600.0
12689,3600.0
12690,3660.0
12691,3540.0
12692,3600.0
12693,3600.0
12694,3600.0
12695,3600.0
12696,3660.0
12697,3540.0
12698,3600.0
12699,3600.0
12700,3600.0
12701,3660.0
12702,3540.0
12703,3600.0
12704,3600.0
12705,3660.0
12706,3600.0
12707,3540.0
12708,3600.0
12709,3600.0
12710,3600.0
12711,3660.0
12712,3540.0
12713,3780.0
12714,3420.0
12715,3660.0
12716,3540.0
12717,3600.0
12718,3600.0
12719,3660.0
12720,3660.0
12721,3480.0
12722,3600.0
12723,3600.0
12724,3600.0
12725,3660.0
12726,3540.0
12727,7200.0
12728,3660.0
12729,3540.0
12730,3600.0
12731,3600.0
12732,3600.0
12733,3600.0
12734,3600.0
12735,3600.0
12736,3600.0
12737,3600.0
12738,3600.0
12739,7200.0
12740,3600.0
12741,3600.0
12742,3600.0
12743,3600.0
12744,3600.0
12745,3600.0
12746,3600.0
12747,3600.0
12748,3600.0
12749,3600.0
12750,3600.0
12751,3600.0
12752,3600.0
12753,3600.0
12754,3600.0
12755,3600.0
12756,3600.0
12757,3600.0
12758,3600.0
12759,3600.0
12760,3600.0
12761,3600.0
12762,10800.0
12763,3600.0
12764,3600.0
12765,3600.0
12766,3600.0
12767,3600.0
12768,3600.0
12769,3600.0
12770,3600.0
12771,3600.0
12772,3660.0
12773,3540.0
12774,3600.0
12775,7200.0
12776,3600.0
12777,3600.0
12778,3600.0
12779,3600.0
12780,10920.0
12781,3480.0
12782,3600.0
12783,3600.0
12784,7260.0
12785,3540.0
12786,3600.0
12787,3600.0
12788,3600.0
12789,3600.0
12790,3720.0
12791,7200.0
12792,3480.0
16390,3600.0
16391,3600.0
16392,3600.0
16393,3600.0
16394,3600.0
16395,3600.0
16396,3600.0
16397,3600.0
16398,3600.0
16399,3600.0
16400,3600.0
16401,7200.0
16402,3600.0
16403,3600.0
16404,3600.0
16405,3600.0
16406,3600.0
16407,3600.0
16408,3600.0
16409,3600.0
16410,3600.0
16411,3600.0
16412,3600.0
16413,3600.0
16414,3600.0
16415,3600.0
16416,3600.0
16417,3600.0
16418,3600.0
16419,3600.0
16420,3600.0
16421,3600.0
16422,3600.0
16423,3600.0
16424,3600.0
16425,3600.0
16426,3600.0
16427,3600.0
16428,3600.0
16429,3600.0
16430,3600.0
16431,3600.0
16432,3600.0
16433,3600.0
16434,3600.0
16435,3600.0
16436,3600.0
16437,3600.0
16438,3600.0
16439,3600.0
16440,3600.0
16441,3600.0
16442,3600.0
16443,3600.0
16444,3600.0
16445,3600.0
16446,3600.0
16447,3600.0
16448,3600.0
16449,3600.0
16450,3600.0
16451,3600.0
16452,3600.0
16453,3600.0
16454,3600.0
16455,3600.0
16456,3600.0
16457,3600.0
16458,3600.0
16459,3600.0
16460,3600.0
16461,3600.0
16462,3600.0
16463,3600.0
16464,3600.0
16465,3600.0
16466,3600.0
16467,3600.0
16468,3600.0
16469,3600.0
16470,3600.0
16471,3600.0
16472,3600.0
16473,3600.0
16474,3600.0
16475,3600.0
16476,3600.0
16477,3600.0
16478,3600.0
16479,3600.0
16480,3600.0
16481,3600.0
16482,3600.0
16483,3600.0
16484,3600.0
16485,3600.0
16486,3600.0
16487,3600.0
16488,3600.0
16489,3600.0
16490,3600.0
16491,3600.0
16492,3600.0
16493,3600.0
16494,3600.0
16495,3600.0
16496,3600.0
16497,3600.0
16498,3600.0
16499,3600.0
16500,3600.0
16501,3600.0
16502,3600.0
16503,3600.0
16504,3600.0
16505,3600.0
16506,3600.0
16507,3600.0
16508,3600.0
16509,3600.0
16510,3600.0
16511,3600.0
16512,3600.0
16513,3600.0
16514,3600.0
16515,3600.0
16516,3600.0
16517,3600.0
16518,7200.0
16519,3600.0
16520,3600.0
16521,3600.0
16522,3600.0
16523,3600.0
16524,3600.0
16525,3600.0
16526,3600.0
16527,3600.0
16528,3600.0
16529,3600.0
16530,3600.0
16531,3600.0
16532,3600.0
16533,3600.0
16534,3600.0
16535,3600.0
16536,3600.0
16537,3600.0
16538,3600.0
16539,3600.0
16540,7200.0
16541,3600.0
16542,3600.0
16543,3600.0
16544,3600.0
16545,3600.0
16546,3600.0
16547,3600.0
16548,3600.0
16549,3600.0
16550,3600.0
16551,3600.0
16552,3600.0
16553,3600.0
16554,7200.0
16555,3600.0
16556,3600.0
16557,3600.0
16558,3600.0
16559,3600.0
16560,3600.0
16561,3600.0
16562,3600.0
16563,3600.0
16564,3600.0
16565,3600.0
16566,3600.0
16567,3600.0
16568,3600.0
16569,3600.0
16570,3600.0
16571,3600.0
16572,3600.0
16573,3600.0
16574,3600.0
16575,3600.0
16576,3600.0
16577,3600.0
16578,3600.0
16579,3600.0
16580,3600.0
16581,3600.0
16582,3600.0
16583,3600.0
16584,3600.0
16585,3600.0
16586,3600.0
16587,3600.0
16588,3600.0
16589,3600.0
16590,3600.0
16591,3600.0
16592,7200.0
16593,3600.0
16594,3600.0
16595,3600.0
16596,3600.0
16597,3600.0
16598,3600.0
16599,3600.0
16600,3600.0
16601,3600.0
16602,3600.0
16603,3600.0
16604,3600.0
16605,3600.0
16606,3600.0
16607,3600.0
16608,3600.0
16609,3600.0
16610,3600.0
16611,3600.0
16612,3600.0
16613,3600.0
16614,3600.0
16615,3600.0
16616,3600.0
16617,3600.0
16618,3600.0
16619,3600.0
16620,3600.0
16621,3600.0
16622,3600.0
16623,7200.0
16624,3600.0
16625,3600.0
16626,3600.0
16627,3600.0
16628,3600.0
16629,3600.0
16630,3600.0
16631,7200.0
16632,3600.0
16633,3600.0
16634,3600.0
16635,3600.0
16636,3600.0
16637,3600.0
16638,3600.0
16639,3600.0
16640,3600.0
16641,3600.0
16642,3600.0
16643,3600.0
16644,3600.0
16645,3600.0
16646,3600.0
16647,3600.0
16648,3600.0
16649,3600.0
16650,3600.0
16651,3600.0
16652,3600.0
16653,3600.0
16654,3600.0
16655,3600.0
16656,3600.0
16657,3600.0
16658,3600.0
16659,3600.0
16660,3600.0
16661,3600.0
16662,3600.0
16663,3660.0
16664,3600.0
16665,3540.0
16666,3600.0
16667,3600.0
16668,3600.0
16669,3600.0
16670,3600.0
16671,3600.0
16672,3660.0
16673,3540.0
16674,3600.0
16675,3600.0
16676,3600.0
16677,3600.0
16678,3600.0
16679,3600.0
16680,3600.0
16681,3600.0
16682,3660.0
16683,3540.0
16684,3600.0
16685,3600.0
16686,3600.0
16687,3600.0
16688,3600.0
16689,3600.0
16690,3600.0
16691,3600.0
16692,3600.0
16693,3600.0
16694,3600.0
16695,3600.0
16696,3600.0
16697,3600.0
16698,3600.0
16699,3600.0
16700,3600.0
16701,3600.0
16702,3600.0
16703,3600.0
16704,3600.0
16705,3600.0
16706,3600.0
16707,3600.0
16708,3600.0
16709,3600.0
16710,3600.0
16711,3600.0
16712,3600.0
16713,3600.0
16714,3600.0
16715,3600.0
16716,3600.0
16717,3600.0
16718,3600.0
16719,3600.0
16720,3600.0
16721,3600.0
16722,3600.0
16723,3600.0
16724,3600.0
16725,3600.0
16726,3600.0
16727,3600.0
16728,3600.0
16729,3600.0
16730,3600.0
16731,3600.0
16732,3600.0
16733,3600.0
16734,3600.0
16735,3600.0
16736,3600.0
16737,3600.0
16738,3600.0
16739,3600.0
16740,3600.0
16741,3600.0
16742,3600.0
16743,3660.0
16744,3540.0
16745,3600.0
16746,3600.0
16747,3600.0
16748,3600.0
16749,3600.0
16750,3600.0
16751,3600.0
16752,3600.0
16753,3600.0
16754,3600.0
16755,3600.0
16756,3600.0
16757,3600.0
16758,3600.0
16759,3600.0
16760,3600.0
16761,3660.0
16762,3540.0
16763,3600.0
16764,3840.0
16765,3540.0
16766,3420.0
16767,3600.0
16768,3600.0
16769,3660.0
16770,3540.0
16771,3600.0
16772,3600.0
16773,3600.0
16774,3600.0
16775,3600.0
16776,7200.0
16777,3600.0
16778,3660.0
16779,3600.0
16780,3660.0
16781,3480.0
16782,3600.0
16783,3840.0
16784,3420.0
16785,3540.0
16786,7200.0
16787,3600.0
16788,3600.0
16789,3600.0
16790,3600.0
16791,3600.0
16792,3600.0
16793,3600.0
16794,3600.0
16795,3660.0
16796,3540.0
16797,3600.0
16798,3600.0
16799,3600.0
16800,3600.0
16801,3600.0
16802,3600.0
16803,3600.0
16804,3600.0
16805,7200.0
16806,3600.0
16807,3600.0
16808,3600.0
16809,3600.0
16810,3600.0
16811,3600.0
16812,3600.0
16813,3600.0
16814,3600.0
16815,3600.0
16816,3600.0
16817,3600.0
16818,3600.0
16819,3600.0
16820,3600.0
16821,3600.0
16822,3600.0
16823,3600.0
16824,3600.0
16825,3600.0
16826,3600.0
16827,3600.0
16828,3600.0
16829,3600.0
16830,3600.0
16831,3600.0
16832,3600.0
16833,3600.0
16834,3600.0
16835,3600.0
16836,3600.0
16837,3600.0
16838,3600.0
16839,3600.0
16840,3600.0
16841,3600.0
16842,3600.0
16843,3600.0
16844,3600.0
16845,3660.0
16846,3540.0
16847,3600.0
16848,3600.0
16849,3600.0
16850,3600.0
16851,3600.0
16852,3660.0
16853,3540.0
16854,3600.0
16855,3720.0
16856,3480.0
16857,3600.0
16858,3600.0
16859,3600.0
16860,3600.0
16861,3600.0
16862,3600.0
16863,3600.0
16864,3600.0
16865,3600.0
16866,3780.0
16867,3420.0
16868,3600.0
16869,7380.0
16870,3420.0
16871,3600.0
16872,3660.0
16873,3540.0
16874,3600.0
16875,3780.0
16876,3420.0
16877,3600.0
16878,3600.0
16879,3600.0
16880,7200.0
16881,3600.0
16882,3600.0
16883,7260.0
16884,3540.0
16885,3600.0
16886,3600.0
16887,3660.0
16888,3540.0
16889,3600.0
16890,3600.0
16891,3600.0
16892,3600.0
16893,3600.0
16894,3600.0
16895,3600.0
16896,3720.0
16897,3480.0
16898,3660.0
16899,3540.0
16900,3600.0
16901,3600.0
16902,3600.0
16903,7200.0
16904,3600.0
16905,7440.0
16906,3360.0
16907,3600.0
16908,3600.0
16909,3660.0
16910,3540.0
16911,3660.0
16912,3540.0
16913,3600.0
16914,3600.0
16915,3600.0
16916,3600.0
16917,3600.0
16918,3780.0
16919,3420.0
16920,3600.0
16921,3600.0
16922,3600.0
16923,3600.0
16924,3660.0
16925,3540.0
16926,7260.0
16927,3660.0
16928,3480.0
16929,3600.0
16930,3600.0
16931,3600.0
16932,3600.0
16933,3600.0
16934,7320.0
16935,3480.0
16936,3600.0
16937,3600.0
16938,3600.0
16939,3600.0
16940,3600.0
16941,3600.0
16942,3600.0
16943,10980.0
16944,3420.0
16945,3600.0
16946,3600.0
16947,7200.0
16948,3600.0
16949,3600.0
16950,3600.0
16951,3600.0
16952,3600.0
16953,3600.0
16954,10920.0
16955,3480.0
16956,3600.0
16957,3600.0
16958,3780.0
16959,3420.0
16960,3600.0
16961,3600.0
16962,3600.0
16963,3600.0
16964,3600.0
16965,3600.0
16966,3600.0
16967,3600.0
16968,3600.0
16969,7200.0
16970,3600.0
16971,3600.0
16972,3600.0
16973,3600.0
16974,3600.0
16975,3600.0
16976,3600.0
16977,3600.0
16978,3600.0
16979,3600.0
16980,3600.0
16981,3600.0
16982,3600.0
16983,3600.0
16984,3600.0
16985,3600.0
16986,3600.0
16987,3600.0
16988,3600.0
16989,3600.0
16990,3600.0
16991,3600.0
16992,3600.0
16993,3600.0
16994,3600.0
16995,3600.0
16996,3600.0
16997,3600.0
16998,3600.0
16999,3600.0
17000,7200.0
17001,3600.0
17002,3600.0
17003,3600.0
17004,3660.0
17005,3540.0
17006,3600.0
17007,3600.0
17008,3600.0
17009,3600.0
17010,3600.0
17011,3600.0
17012,3600.0
17013,3600.0
17014,7200.0
17015,3600.0
17016,3600.0
17017,3840.0
17018,3360.0
17019,3600.0
17020,3660.0
17021,3780.0
17022,3360.0
17023,3600.0
17024,3600.0
17025,3780.0
17026,7020.0
17027,3600.0
17028,3600.0
17029,3600.0
17030,3600.0
17031,3600.0
17032,3600.0
17033,3600.0
17034,3600.0
17035,3600.0
17036,7200.0
17037,3600.0
17038,3600.0
17039,3600.0
17040,7200.0
17041,3600.0
17042,3600.0
17043,3600.0
17044,3600.0
17045,3600.0
17046,3600.0
17047,3600.0
20599,3600.0
20600,3600.0
20601,3600.0
20602,3600.0
20603,3600.0
20604,3600.0
20605,3600.0
20606,3600.0
20607,3600.0
20608,3600.0
20609,3600.0
20610,3600.0
20611,3600.0
20612,3600.0
20613,3600.0
20614,3600.0
20615,3600.0
20616,3600.0
20617,3600.0
20618,3600.0
20619,3600.0
20620,3600.0
20621,3600.0
20622,3600.0
20623,3600.0
20624,3600.0
20625,3600.0
20626,3600.0
20627,3600.0
20628,3600.0
20629,3600.0
20630,3600.0
20631,3600.0
20632,3600.0
20633,3600.0
20634,3600.0
20635,3600.0
20636,3600.0
20637,3600.0
20638,3600.0
20639,3600.0
20640,3600.0
20641,3600.0
20642,3600.0
20643,3600.0
20644,3600.0
20645,3600.0
20646,3600.0
20647,3600.0
20648,3600.0
20649,7200.0
20650,3600.0
20651,3600.0
20652,3600.0
20653,7200.0
20654,3600.0
20655,3600.0
20656,3600.0
20657,3600.0
20658,3600.0
20659,3600.0
20660,3600.0
20661,3600.0
20662,3600.0
20663,3600.0
20664,3600.0
20665,3600.0
20666,3600.0
20667,3600.0
20668,3600.0
20669,3600.0
20670,3600.0
20671,3600.0
20672,7200.0
20673,3600.0
20674,3600.0
20675,7200.0
20676,3600.0
20677,3600.0
20678,3600.0
20679,3600.0
20680,3600.0
20681,3600.0
20682,3600.0
20683,3600.0
20684,3600.0
20685,3600.0
20686,3600.0
20687,3600.0
20688,3600.0
20689,3600.0
20690,3600.0
20691,3600.0
20692,3600.0
20693,3600.0
20694,3600.0
20695,3600.0
20696,3600.0
20697,3600.0
20698,3600.0
20699,3600.0
20700,3600.0
20701,3600.0
20702,3600.0
20703,3600.0
20704,3600.0
20705,3600.0
20706,3600.0
20707,3600.0
20708,3600.0
20709,3600.0
20710,3600.0
20711,3600.0
20712,3600.0
20713,3600.0
20714,3600.0
20715,3600.0
20716,3600.0
20717,3600.0
20718,3600.0
20719,3600.0
20720,3600.0
20721,3600.0
20722,3600.0
20723,3600.0
20724,3600.0
20725,3600.0
20726,3600.0
20727,3600.0
20728,3600.0
20729,3600.0
20730,7200.0
20731,3600.0
20732,3600.0
20733,3600.0
20734,3600.0
20735,3600.0
20736,3600.0
20737,3600.0
20738,3660.0
20739,3540.0
20740,3600.0
20741,3600.0
20742,3600.0
20743,3600.0
20744,3600.0
20745,3600.0
20746,3600.0
20747,3600.0
20748,3600.0
20749,3600.0
20750,3600.0
20751,3600.0
20752,3600.0
20753,3600.0
20754,3600.0
20755,3600.0
20756,3600.0
20757,3600.0
20758,3600.0
20759,3600.0
20760,3600.0
20761,3600.0
20762,3600.0
20763,3600.0
20764,3600.0
20765,3600.0
20766,3600.0
20767,3600.0
20768,3600.0
20769,3600.0
20770,3600.0
20771,3600.0
20772,3600.0
20773,7200.0
20774,3600.0
20775,3600.0
20776,3600.0
20777,3600.0
20778,3600.0
20779,3600.0
20780,3600.0
20781,3600.0
20782,3600.0
20783,3600.0
20784,3600.0
20785,3600.0
20786,3600.0
20787,3600.0
20788,3600.0
20789,3600.0
20790,3600.0
20791,3600.0
20792,3600.0
20793,3600.0
20794,3600.0
20795,3600.0
20796,7200.0
20797,3600.0
20798,7200.0
20799,3600.0
20800,3600.0
20801,3600.0
20802,3600.0
20803,3600.0
20804,3600.0
20805,3600.0
20806,3600.0
20807,3600.0
20808,3600.0
20809,3600.0
20810,3600.0
20811,3600.0
20812,3600.0
20813,3600.0
20814,3600.0
20815,3600.0
20816,3600.0
20817,3600.0
20818,3600.0
20819,3600.0
20820,3600.0
20821,3600.0
20822,3600.0
20823,3600.0
20824,3600.0
20825,3600.0
20826,3600.0
20827,3600.0
20828,3600.0
20829,3600.0
20830,3600.0
20831,3600.0
20832,3600.0
20833,3600.0
20834,3600.0
20835,3600.0
20836,3600.0
20837,3600.0
20838,7200.0
20839,3600.0
20840,3600.0
20841,3600.0
20842,3600.0
20843,3600.0
20844,3600.0
20845,3600.0
20846,3600.0
20847,3600.0
20848,3600.0
20849,3600.0
20850,3600.0
20851,3600.0
20852,3600.0
20853,7200.0
20854,3600.0
20855,3600.0
20856,3600.0
20857,3600.0
20858,3600.0
20859,3600.0
20860,3600.0
20861,3600.0
20862,3600.0
20863,3600.0
20864,3600.0
20865,3600.0
20866,3600.0
20867,3600.0
20868,3600.0
20869,3600.0
20870,3600.0
20871,3600.0
20872,3600.0
20873,3600.0
20874,3600.0
20875,3600.0
20876,3600.0
20877,3600.0
20878,3600.0
20879,3600.0
20880,3600.0
20881,3600.0
20882,3660.0
20883,3540.0
20884,3600.0
20885,3600.0
20886,3600.0
20887,3600.0
20888,3600.0
20889,3600.0
20890,3660.0
20891,3600.0
20892,3540.0
20893,3600.0
20894,3660.0
20895,3540.0
20896,7200.0
20897,3600.0
20898,3600.0
20899,3600.0
20900,3600.0
20901,3600.0
20902,3600.0
20903,3600.0
20904,3600.0
20905,3600.0
20906,3600.0
20907,3600.0
20908,3600.0
20909,3600.0
20910,3660.0
20911,3540.0
20912,3600.0
20913,3600.0
20914,3600.0
20915,3660.0
20916,3540.0
20917,3600.0
20918,3600.0
20919,3600.0
20920,3600.0
20921,3600.0
20922,3600.0
20923,3600.0
20924,3600.0
20925,3600.0
20926,3600.0
20927,3600.0
20928,3600.0
20929,3600.0
20930,3600.0
20931,3600.0
20932,3600.0
20933,3600.0
20934,3600.0
20935,3600.0
20936,3600.0
20937,3600.0
20938,3600.0
20939,3600.0
20940,3600.0
20941,3600.0
20942,3600.0
20943,3600.0
20944,3600.0
20945,3600.0
20946,3600.0
20947,3600.0
20948,3600.0
20949,3600.0
20950,3600.0
20951,3600.0
20952,3600.0
20953,3600.0
20954,3600.0
20955,3600.0
20956,7200.0
20957,3600.0
20958,3660.0
20959,3540.0
20960,3600.0
20961,3600.0
20962,3660.0
20963,3540.0
20964,3600.0
20965,3600.0
20966,3600.0
20967,3600.0
20968,3600.0
20969,3600.0
20970,3600.0
20971,3600.0
20972,3600.0
20973,3600.0
20974,3600.0
20975,3600.0
20976,3600.0
20977,3600.0
20978,3600.0
20979,3600.0
20980,3600.0
20981,3600.0
20982,3600.0
20983,3600.0
20984,3600.0
20985,3600.0
20986,3600.0
20987,3600.0
20988,3780.0
20989,3420.0
20990,3600.0
20991,3600.0
20992,3600.0
20993,3600.0
20994,3660.0
20995,3540.0
20996,3660.0
20997,7140.0
20998,3600.0
20999,3660.0
21000,3540.0
21001,3600.0
21002,3600.0
21003,3600.0
21004,3600.0
21005,3660.0
21006,3540.0
21007,3600.0
21008,3600.0
21009,3600.0
21010,3600.0
21011,3600.0
21012,3600.0
21013,3600.0
21014,3600.0
21015,3780.0
21016,3420.0
21017,3600.0
21018,3600.0
21019,3600.0
21020,3600.0
21021,3600.0
21022,3600.0
21023,3600.0
21024,3600.0
21025,3600.0
21026,3600.0
21027,3600.0
21028,3600.0
21029,3600.0
21030,3600.0
21031,3600.0
21032,3600.0
21033,3600.0
21034,3600.0
21035,3600.0
21036,3600.0
21037,3600.0
21038,3600.0
21039,3600.0
21040,3600.0
21041,3600.0
21042,3600.0
21043,3600.0
21044,3600.0
21045,3600.0
21046,3600.0
21047,3600.0
21048,3600.0
21049,3600.0
21050,3600.0
21051,3660.0
21052,3540.0
21053,3600.0
21054,3600.0
21055,3600.0
21056,3600.0
21057,3720.0
21058,3600.0
21059,3540.0
21060,7140.0
21061,3600.0
21062,3600.0
21063,3600.0
21064,3660.0
21065,3540.0
21066,3600.0
21067,3600.0
21068,3660.0
21069,3540.0
21070,3600.0
21071,3660.0
21072,3540.0
21073,3600.0
21074,3660.0
21075,3720.0
21076,3420.0
21077,3600.0
21078,3600.0
21079,3600.0
21080,7200.0
21081,3600.0
21082,3840.0
21083,3360.0
21084,3600.0
21085,3600.0
21086,3600.0
21087,3600.0
21088,3600.0
21089,3600.0
21090,3600.0
21091,7260.0
21092,3540.0
21093,3600.0
21094,3600.0
21095,3600.0
21096,3600.0
21097,3600.0
21098,3600.0
21099,3600.0
21100,3600.0
21101,3600.0
21102,3600.0
21103,3600.0
21104,3600.0
21105,3600.0
21106,3600.0
21107,3600.0
21108,3600.0
21109,3600.0
21110,3600.0
21111,3600.0
21112,3600.0
21113,3600.0
21114,3780.0
21115,3540.0
21116,3480.0
21117,3780.0
21118,3480.0
21119,3540.0
21120,3600.0
21121,3600.0
21122,3600.0
21123,3600.0
21124,3660.0
21125,3540.0
21126,3660.0
21127,3540.0
21128,3600.0
21129,3600.0
21130,3600.0
21131,3600.0
21132,3600.0
21133,3780.0
21134,3420.0
21135,3600.0
21136,3600.0
21137,3720.0
21138,7080.0
21139,3600.0
21140,3600.0
21141,3600.0
21142,3600.0
21143,3600.0
21144,3600.0
21145,3600.0
21146,3600.0
21147,3600.0
21148,3600.0
21149,10800.0
21150,3600.0
21151,3600.0
21152,3600.0
21153,3600.0
21154,3600.0
21155,3600.0
21156,7380.0
21157,3660.0
21158,3360.0
21159,3600.0
21160,3600.0
21161,3600.0
21162,3600.0
21163,3840.0
21164,3360.0
21165,3600.0
21166,3600.0
21167,3600.0
21168,3600.0
21169,3600.0
21170,3600.0
21171,3600.0
21172,3600.0
21173,3600.0
21174,3600.0
21175,3600.0
21176,3600.0
21177,3600.0
21178,3600.0
21179,3600.0
21180,3600.0
21181,3600.0
21182,3600.0
21183,3600.0
21184,3600.0
21185,3600.0
21186,3600.0
21187,3600.0
21188,3600.0
21189,3600.0
21190,3600.0
21191,3600.0
21192,3600.0
21193,3600.0
21194,3600.0
21195,3600.0
21196,3600.0
21197,3600.0
21198,3600.0
21199,3600.0
21200,3600.0
21201,3600.0
21202,3600.0
21203,7200.0
21204,3600.0
21205,3600.0
21206,3600.0
21207,3600.0
21208,3600.0
21209,3600.0
21210,3600.0
21211,3600.0
21212,3600.0
21213,7200.0
21214,3600.0
21215,3600.0
21216,3600.0
21217,3600.0
21218,3600.0
21219,3600.0
21220,3600.0
21221,3600.0
21222,3600.0
21223,3600.0
21224,3600.0
21225,3600.0
21226,3600.0
21227,3600.0
21228,3660.0
21229,3540.0
21230,3600.0
21231,3600.0
21232,3600.0
21233,3600.0
21234,3600.0
21235,3600.0
21236,3660.0
21237,3540.0
21238,3600.0
21239,3600.0
21240,3600.0
21241,3600.0
21242,3600.0
21243,3600.0
21244,3600.0
21245,3600.0
21246,3600.0
21247,3660.0
21248,3540.0
21249,3600.0
21250,3600.0
21251,3600.0
21252,3600.0
21253,3600.0
21254,3600.0
21255,3600.0
21256,3600.0
21257,3600.0
21258,3600.0
21259,3600.0
21260,3600.0
21261,3600.0
24817,3600.0
24818,3600.0
24819,3600.0
24820,3600.0
24821,3600.0
24822,3600.0
24823,3600.0
24824,3600.0
24825,3600.0
24826,3600.0
24827,3600.0
24828,3600.0
24829,3600.0
24830,3600.0
24831,3600.0
24832,3600.0
24833,3600.0
24834,3600.0
24835,3600.0
24836,3600.0
24837,3600.0
24838,3780.0
24839,3420.0
24840,3600.0
24841,3600.0
24842,3600.0
24843,3600.0
24844,3600.0
24845,3600.0
24846,3600.0
24847,3600.0
24848,3600.0
24849,3600.0
24850,3600.0
24851,3600.0
24852,3600.0
24853,3600.0
24854,3600.0
24855,3600.0
24856,3600.0
24857,7200.0
24858,3600.0
24859,3600.0
24860,3600.0
24861,3600.0
24862,3600.0
24863,3600.0
24864,3600.0
24865,7200.0
24866,3600.0
24867,3600.0
24868,3600.0
24869,3600.0
24870,3600.0
24871,3600.0
24872,3600.0
24873,3600.0
24874,3600.0
24875,3600.0
24876,3600.0
24877,3600.0
24878,3600.0
24879,3600.0
24880,3600.0
24881,3600.0
24882,3600.0
24883,3600.0
24884,3600.0
24885,3600.0
24886,3600.0
24887,3600.0
24888,3600.0
24889,3600.0
24890,3600.0
24891,3600.0
24892,3600.0
24893,3600.0
24894,3600.0
24895,3600.0
24896,3600.0
24897,3600.0
24898,3600.0
24899,3600.0
24900,3600.0
24901,3600.0
24902,3600.0
24903,3600.0
24904,3600.0
24905,3600.0
24906,3600.0
24907,3600.0
24908,3600.0
24909,3600.0
24910,3600.0
24911,3600.0
24912,3600.0
24913,3600.0
24914,3600.0
24915,3600.0
24916,3600.0
24917,3600.0
24918,3600.0
24919,3600.0
24920,3600.0
24921,3600.0
24922,3600.0
24923,3600.0
24924,3600.0
24925,3600.0
24926,3600.0
24927,3600.0
24928,3600.0
24929,3600.0
24930,3600.0
24931,3600.0
24932,3600.0
24933,3600.0
24934,3600.0
24935,3600.0
24936,3600.0
24937,3600.0
24938,3600.0
24939,3600.0
24940,3600.0
24941,3600.0
24942,3600.0
24943,3600.0
24944,7200.0
24945,3600.0
24946,3600.0
24947,3600.0
24948,3600.0
24949,3600.0
24950,3600.0
24951,3600.0
24952,3600.0
24953,3600.0
24954,3600.0
24955,3600.0
24956,3600.0
24957,3600.0
24958,3600.0
24959,3600.0
24960,3600.0
24961,3600.0
24962,3600.0
24963,3600.0
24964,3600.0
24965,3600.0
24966,3600.0
24967,3600.0
24968,3600.0
24969,3600.0
24970,3600.0
24971,3600.0
24972,3600.0
24973,3600.0
24974,3600.0
24975,3600.0
24976,3600.0
24977,3600.0
24978,3600.0
24979,3600.0
24980,3600.0
24981,3600.0
24982,3600.0
24983,3600.0
24984,3600.0
24985,3600.0
24986,3600.0
24987,3600.0
24988,3600.0
24989,3600.0
24990,3600.0
24991,3600.0
24992,3600.0
24993,3600.0
24994,3600.0
24995,3600.0
24996,3600.0
24997,3600.0
24998,3600.0
24999,3600.0
25000,3600.0
25001,3600.0
25002,3600.0
25003,3600.0
25004,3600.0
25005,3600.0
25006,3600.0
25007,3600.0
25008,3600.0
25009,3600.0
25010,3600.0
25011,3600.0
25012,3600.0
25013,3600.0
25014,3600.0
25015,3600.0
25016,3600.0
25017,3600.0
25018,3600.0
25019,3600.0
25020,3600.0
25021,3600.0
25022,3600.0
25023,3600.0
25024,3600.0
25025,3600.0
25026,3600.0
25027,3600.0
25028,3600.0
25029,3600.0
25030,3600.0
25031,3600.0
25032,3600.0
25033,3600.0
25034,3600.0
25035,3600.0
25036,3600.0
25037,3600.0
25038,3600.0
25039,3600.0
25040,3600.0
25041,3600.0
25042,3600.0
25043,3600.0
25044,3600.0
25045,3600.0
25046,3600.0
25047,3600.0
25048,3600.0
25049,3600.0
25050,3600.0
25051,3600.0
25052,3600.0
25053,3600.0
25054,3600.0
25055,3600.0
25056,3600.0
25057,3600.0
25058,3600.0
25059,3600.0
25060,3600.0
25061,3600.0
25062,3600.0
25063,3600.0
25064,3660.0
25065,3540.0
25066,3600.0
25067,3600.0
25068,3600.0
25069,3600.0
25070,3600.0
25071,3600.0
25072,3600.0
25073,3600.0
25074,3600.0
25075,3600.0
25076,3600.0
25077,3600.0
25078,3600.0
25079,3600.0
25080,3600.0
25081,3600.0
25082,3600.0
25083,3600.0
25084,3600.0
25085,3600.0
25086,3600.0
25087,3600.0
25088,3600.0
25089,3600.0
25090,3600.0
25091,3600.0
25092,3600.0
25093,3600.0
25094,3600.0
25095,3600.0
25096,3600.0
25097,3600.0
25098,3600.0
25099,3600.0
25100,3600.0
25101,3600.0
25102,3600.0
25103,3600.0
25104,3600.0
25105,3600.0
25106,3600.0
25107,3600.0
25108,3600.0
25109,3600.0
25110,3600.0
25111,3600.0
25112,3600.0
25113,3600.0
25114,3600.0
25115,3720.0
25116,3480.0
25117,3600.0
25118,3600.0
25119,3660.0
25120,3540.0
25121,3600.0
25122,3600.0
25123,3600.0
25124,3600.0
25125,3600.0
25126,3600.0
25127,3600.0
25128,3600.0
25129,3600.0
25130,3600.0
25131,3600.0
25132,3600.0
25133,3660.0
25134,3540.0
25135,3600.0
25136,3600.0
25137,3600.0
25138,3600.0
25139,3600.0
25140,3600.0
25141,3600.0
25142,3600.0
25143,3660.0
25144,3540.0
25145,3600.0
25146,3600.0
25147,3600.0
25148,3600.0
25149,3600.0
25150,3600.0
25151,3600.0
25152,3600.0
25153,3600.0
25154,3600.0
25155,3600.0
25156,3600.0
25157,3600.0
25158,3600.0
25159,3600.0
25160,7200.0
25161,3600.0
25162,3600.0
25163,3600.0
25164,3600.0
25165,3600.0
25166,3600.0
25167,3600.0
25168,3600.0
25169,3600.0
25170,3600.0
25171,3600.0
25172,3600.0
25173,3600.0
25174,3600.0
25175,3600.0
25176,3600.0
25177,3600.0
25178,3600.0
25179,3600.0
25180,3600.0
25181,3600.0
25182,3600.0
25183,3660.0
25184,3540.0
25185,3600.0
25186,3840.0
25187,3360.0
25188,3600.0
25189,3600.0
25190,3600.0
25191,3600.0
25192,3600.0
25193,3600.0
25194,3600.0
25195,3600.0
25196,3600.0
25197,3600.0
25198,3600.0
25199,3600.0
25200,3600.0
25201,3600.0
25202,3660.0
25203,3540.0
25204,3600.0
25205,3600.0
25206,3660.0
25207,3540.0
25208,3600.0
25209,3600.0
25210,3600.0
25211,3660.0
25212,3540.0
25213,3600.0
25214,3600.0
25215,3600.0
25216,3600.0
25217,7200.0
25218,3600.0
25219,3600.0
25220,3660.0
25221,3540.0
25222,3600.0
25223,3600.0
25224,3600.0
25225,3600.0
25226,3600.0
25227,3600.0
25228,3600.0
25229,3660.0
25230,3540.0
25231,3600.0
25232,3600.0
25233,3600.0
25234,3600.0
25235,3600.0
25236,3600.0
25237,3600.0
25238,3600.0
25239,3600.0
25240,3600.0
25241,3600.0
25242,3600.0
25243,3600.0
25244,3600.0
25245,3600.0
25246,3600.0
25247,3600.0
25248,3600.0
25249,3600.0
25250,3600.0
25251,3600.0
25252,3600.0
25253,3600.0
25254,3600.0
25255,3600.0
25256,3600.0
25257,3600.0
25258,3600.0
25259,3600.0
25260,3600.0
25261,3600.0
25262,3600.0
25263,3600.0
25264,7200.0
25265,3600.0
25266,3600.0
25267,3600.0
25268,3600.0
25269,3600.0
25270,3600.0
25271,3600.0
25272,3600.0
25273,3600.0
25274,3600.0
25275,3600.0
25276,3600.0
25277,3600.0
25278,3600.0
25279,3600.0
25280,3600.0
25281,3600.0
25282,3600.0
25283,3600.0
25284,3660.0
25285,3540.0
25286,3600.0
25287,3600.0
25288,3600.0
25289,3600.0
25290,3600.0
25291,3600.0
25292,3600.0
25293,3660.0
25294,3540.0
25295,3600.0
25296,3600.0
25297,3600.0
25298,3600.0
25299,3600.0
25300,3720.0
25301,3480.0
25302,3600.0
25303,3600.0
25304,3600.0
25305,3600.0
25306,3600.0
25307,3600.0
25308,3600.0
25309,7200.0
25310,3600.0
25311,3600.0
25312,3600.0
25313,3600.0
25314,3600.0
25315,3600.0
25316,3600.0
25317,3600.0
25318,3600.0
25319,3600.0
25320,3600.0
25321,3600.0
25322,3600.0
25323,3600.0
25324,3600.0
25325,3600.0
25326,3780.0
25327,3420.0
25328,3600.0
25329,3600.0
25330,3600.0
25331,3600.0
25332,3660.0
25333,3540.0
25334,3600.0
25335,3600.0
25336,3600.0
25337,3600.0
25338,3600.0
25339,3600.0
25340,3600.0
25341,3600.0
25342,3600.0
25343,3600.0
25344,3600.0
25345,3600.0
25346,3720.0
25347,3480.0
25348,3600.0
25349,3600.0
25350,3600.0
25351,3600.0
25352,7200.0
25353,3600.0
25354,3600.0
25355,3600.0
25356,3600.0
25357,3600.0
25358,3600.0
25359,3660.0
25360,3540.0
25361,3600.0
25362,3600.0
25363,3600.0
25364,3660.0
25365,3540.0
25366,3600.0
25367,3600.0
25368,3660.0
25369,3540.0
25370,3600.0
25371,3600.0
25372,3600.0
25373,3600.0
25374,3600.0
25375,3600.0
25376,3600.0
25377,3600.0
25378,3600.0
25379,3840.0
25380,3360.0
25381,3600.0
25382,3660.0
25383,3540.0
25384,3720.0
25385,7080.0
25386,3600.0
25387,3660.0
25388,3540.0
25389,3600.0
25390,3600.0
25391,3720.0
25392,3480.0
25393,3600.0
25394,3600.0
25395,3600.0
25396,3720.0
25397,3480.0
25398,3600.0
25399,3600.0
25400,3600.0
25401,3660.0
25402,3540.0
25403,3600.0
25404,3600.0
25405,3600.0
25406,3600.0
25407,3600.0
25408,3600.0
25409,3600.0
25410,3600.0
25411,3660.0
25412,3540.0
25413,3600.0
25414,3600.0
25415,3600.0
25416,3600.0
25417,3600.0
25418,3600.0
25419,3600.0
25420,3600.0
25421,3600.0
25422,3600.0
25423,3600.0
25424,3600.0
25425,3600.0
25426,3600.0
25427,3600.0
25428,3600.0
25429,3600.0
25430,3600.0
25431,3600.0
25432,3600.0
25433,3600.0
25434,3600.0
25435,3600.0
25436,3600.0
25437,3600.0
25438,3600.0
25439,3600.0
25440,3600.0
25441,3600.0
25442,3600.0
25443,3600.0
25444,3780.0
25445,3420.0
25446,3600.0
25447,3600.0
25448,3600.0
25449,3600.0
25450,3600.0
25451,3600.0
25452,3600.0
25453,3600.0
25454,3600.0
25455,3600.0
25456,7200.0
25457,3600.0
25458,3600.0
25459,3600.0
25460,3600.0
25461,3600.0
25462,3600.0
25463,3600.0
25464,3660.0
25465,3540.0
25466,3600.0
25467,3600.0
25468,3660.0
25469,3540.0
25470,3660.0
25471,3540.0
25472,3600.0
25473,3600.0
25474,3600.0
25475,7200.0
25476,3600.0
25477,3600.0
25478,3600.0
25479,3600.0
25480,3600.0
25481,3600.0
25482,3660.0
25483,3540.0
25484,3600.0
25485,3600.0
25486,3600.0
25487,3600.0
25488,3600.0
25489,3600.0
25490,3600.0
25491,3600.0
29110,3600.0
29111,3600.0
29112,3600.0
29113,3600.0
29114,3600.0
29115,3600.0
29116,3600.0
29117,3600.0
29118,3600.0
29119,3600.0
29120,3600.0
29121,3600.0
29122,3600.0
29123,3600.0
29124,3600.0
29125,3600.0
29126,3600.0
29127,3600.0
29128,3600.0
29129,3600.0
29130,3600.0
29131,3600.0
29132,3600.0
29133,3600.0
29134,3600.0
29135,3600.0
29136,3600.0
29137,3600.0
29138,3600.0
29139,3600.0
29140,3600.0
29141,3600.0
29142,3600.0
29143,3600.0
29144,3600.0
29145,3600.0
29146,3600.0
29147,3600.0
29148,3600.0
29149,3600.0
29150,3600.0
29151,3600.0
29152,3600.0
29153,3600.0
29154,3600.0
29155,3600.0
29156,3600.0
29157,3600.0
29158,3600.0
29159,3600.0
29160,3600.0
29161,3600.0
29162,3600.0
29163,3600.0
29164,3600.0
29165,3600.0
29166,3600.0
29167,3600.0
29168,3600.0
29169,3600.0
29170,3600.0
29171,3600.0
29172,3600.0
29173,3600.0
29174,3600.0
29175,3600.0
29176,3600.0
29177,3600.0
29178,3600.0
29179,3600.0
29180,3600.0
29181,7200.0
29182,3600.0
29183,3600.0
29184,3600.0
29185,3600.0
29186,3600.0
29187,3600.0
29188,7200.0
29189,3600.0
29190,3600.0
29191,3600.0
29192,3600.0
29193,3600.0
29194,3600.0
29195,3600.0
29196,3600.0
29197,3600.0
29198,3600.0
29199,3600.0
29200,3600.0
29201,3600.0
29202,3600.0
29203,3600.0
29204,3600.0
29205,3600.0
29206,3600.0
29207,3600.0
29208,3600.0
29209,3600.0
29210,3600.0
29211,3600.0
29212,3600.0
29213,3600.0
29214,3600.0
29215,3600.0
29216,3600.0
29217,3600.0
29218,3600.0
29219,3600.0
29220,3600.0
29221,3600.0
29222,3600.0
29223,3600.0
29224,3600.0
29225,3600.0
29226,3600.0
29227,3600.0
29228,3600.0
29229,3600.0
29230,3600.0
29231,3600.0
29232,3600.0
29233,3600.0
29234,3600.0
29235,3600.0
29236,3600.0
29237,3600.0
29238,3600.0
29239,3600.0
29240,3600.0
29241,3600.0
29242,3600.0
29243,3660.0
29244,3540.0
29245,3600.0
29246,3600.0
29247,3600.0
29248,3600.0
29249,3600.0
29250,3600.0
29251,3600.0
29252,3600.0
29253,3600.0
29254,7200.0
29255,3600.0
29256,3600.0
29257,3600.0
29258,3600.0
29259,3600.0
29260,3600.0
29261,3600.0
29262,3600.0
29263,3600.0
29264,3600.0
29265,3600.0
29266,3600.0
29267,3600.0
29268,3600.0
29269,3600.0
29270,3600.0
29271,3600.0
29272,3600.0
29273,3600.0
29274,3600.0
29275,3600.0
29276,3600.0
29277,3600.0
29278,3600.0
29279,3600.0
29280,3600.0
29281,3600.0
29282,3600.0
29283,3600.0
29284,3600.0
29285,3600.0
29286,3600.0
29287,3600.0
29288,3600.0
29289,3600.0
29290,3600.0
29291,3600.0
29292,3600.0
29293,3600.0
29294,3600.0
29295,3600.0
29296,3600.0
29297,3600.0
29298,3600.0
29299,3600.0
29300,3600.0
29301,3600.0
29302,3600.0
29303,3600.0
29304,3600.0
29305,3600.0
29306,3600.0
29307,3600.0
29308,3600.0
29309,3600.0
29310,3600.0
29311,3600.0
29312,3600.0
29313,3600.0
29314,3600.0
29315,3600.0
29316,3600.0
29317,3600.0
29318,3600.0
29319,3600.0
29320,3600.0
29321,3600.0
29322,3600.0
29323,3600.0
29324,3600.0
29325,3600.0
29326,3600.0
29327,3600.0
29328,3600.0
29329,3600.0
29330,3600.0
29331,3600.0
29332,3600.0
29333,3600.0
29334,3600.0
29335,3600.0
29336,3600.0
29337,3600.0
29338,3600.0
29339,3600.0
29340,3600.0
29341,3600.0
29342,3600.0
29343,3600.0
29344,3600.0
29345,3600.0
29346,3600.0
29347,3600.0
29348,3600.0
29349,3600.0
29350,3600.0
29351,3600.0
29352,3600.0
29353,3600.0
29354,3600.0
29355,3600.0
29356,3600.0
29357,3600.0
29358,3600.0
29359,3600.0
29360,3600.0
29361,3600.0
29362,3600.0
29363,3600.0
29364,3600.0
29365,3600.0
29366,3600.0
29367,3600.0
29368,3600.0
29369,3600.0
29370,3600.0
29371,3600.0
29372,3600.0
29373,3600.0
29374,3600.0
29375,3600.0
29376,3600.0
29377,3600.0
29378,3600.0
29379,3600.0
29380,3600.0
29381,3600.0
29382,3600.0
29383,3600.0
29384,3600.0
29385,3600.0
29386,3600.0
29387,3600.0
29388,3600.0
29389,3600.0
29390,3600.0
29391,3600.0
29392,3600.0
29393,3600.0
29394,3600.0
29395,3600.0
29396,3600.0
29397,3600.0
29398,3600.0
29399,3600.0
29400,3600.0
29401,3600.0
29402,3600.0
29403,3600.0
29404,3600.0
29405,3600.0
29406,3600.0
29407,3600.0
29408,3600.0
29409,3600.0
29410,3600.0
29411,3600.0
29412,3600.0
29413,3600.0
29414,3600.0
29415,3600.0
29416,3600.0
29417,3600.0
29418,3600.0
29419,3600.0
29420,3600.0
29421,3600.0
29422,3600.0
29423,3600.0
29424,3600.0
29425,3600.0
29426,3600.0
29427,3600.0
29428,3600.0
29429,3600.0
29430,3600.0
29431,3600.0
29432,3600.0
29433,3660.0
29434,3540.0
29435,3600.0
29436,3600.0
29437,3660.0
29438,3540.0
29439,3600.0
29440,3600.0
29441,3600.0
29442,3600.0
29443,3600.0
29444,3600.0
29445,3600.0
29446,3600.0
29447,3600.0
29448,3600.0
29449,3600.0
29450,3600.0
29451,3600.0
29452,3600.0
29453,3600.0
29454,3600.0
29455,3600.0
29456,3600.0
29457,3600.0
29458,3600.0
29459,3600.0
29460,3600.0
29461,3600.0
29462,3600.0
29463,3600.0
29464,3600.0
29465,3600.0
29466,3600.0
29467,3600.0
29468,3600.0
29469,3600.0
29470,3600.0
29471,3600.0
29472,3600.0
29473,10800.0
29474,3600.0
29475,3600.0
29476,7200.0
29477,3600.0
29478,7200.0
29479,3600.0
29480,3600.0
29481,3600.0
29482,3600.0
29483,3600.0
29484,3600.0
29485,3600.0
29486,3600.0
29487,3600.0
29488,3600.0
29489,3600.0
29490,3600.0
29491,3600.0
29492,3780.0
29493,3420.0
29494,3600.0
29495,3600.0
29496,3600.0
29497,3600.0
29498,3780.0
29499,3420.0
29500,3600.0
29501,3600.0
29502,3600.0
29503,3600.0
29504,3600.0
29505,3600.0
29506,3600.0
29507,7200.0
29508,3660.0
29509,3540.0
29510,3600.0
29511,3600.0
29512,3600.0
29513,3600.0
29514,3600.0
29515,3600.0
29516,3600.0
29517,3600.0
29518,3600.0
29519,3600.0
29520,3600.0
29521,3600.0
29522,3600.0
29523,3600.0
29524,3600.0
29525,3600.0
29526,3600.0
29527,3600.0
29528,3600.0
29529,3660.0
29530,3540.0
29531,3600.0
29532,3600.0
29533,3600.0
29534,3600.0
29535,3600.0
29536,3600.0
29537,3600.0
29538,3600.0
29539,3600.0
29540,3600.0
29541,3600.0
29542,3600.0
29543,3600.0
29544,3600.0
29545,3600.0
29546,3600.0
29547,3600.0
29548,3600.0
29549,3600.0
29550,3600.0
29551,3600.0
29552,3600.0
29553,3600.0
29554,3600.0
29555,3600.0
29556,3600.0
29557,3600.0
29558,3600.0
29559,3600.0
29560,3600.0
29561,3600.0
29562,3600.0
29563,3600.0
29564,3600.0
29565,3600.0
29566,3600.0
29567,3600.0
29568,3600.0
29569,3600.0
29570,3600.0
29571,3660.0
29572,3540.0
29573,3600.0
29574,3600.0
29575,3600.0
29576,3600.0
29577,3600.0
29578,3600.0
29579,3600.0
29580,3600.0
29581,3600.0
29582,3600.0
29583,3600.0
29584,3600.0
29585,3600.0
29586,3600.0
29587,3600.0
29588,3600.0
29589,3600.0
29590,3600.0
29591,3840.0
29592,3600.0
29593,3360.0
29594,3840.0
29595,3420.0
29596,3540.0
29597,3600.0
29598,3600.0
29599,3660.0
29600,3540.0
29601,3600.0
29602,3600.0
29603,3600.0
29604,3600.0
29605,3600.0
29606,3660.0
29607,3540.0
29608,3600.0
29609,3660.0
29610,3540.0
29611,3600.0
29612,3600.0
29613,3600.0
29614,3600.0
29615,3600.0
29616,3660.0
29617,3540.0
29618,3600.0
29619,3600.0
29620,3600.0
29621,3600.0
29622,3600.0
29623,3660.0
29624,3540.0
29625,3600.0
29626,3600.0
29627,3600.0
29628,3600.0
29629,3720.0
29630,3480.0
29631,3600.0
29632,3600.0
29633,3720.0
29634,3480.0
29635,3600.0
29636,3600.0
29637,3600.0
29638,3600.0
29639,3600.0
29640,3660.0
29641,3540.0
29642,3600.0
29643,3600.0
29644,3600.0
29645,3600.0
29646,3600.0
29647,3600.0
29648,7200.0
29649,3600.0
29650,3600.0
29651,3600.0
29652,3600.0
29653,3600.0
29654,3600.0
29655,3600.0
29656,3600.0
29657,3600.0
29658,3600.0
29659,3600.0
29660,3600.0
29661,3660.0
29662,3540.0
29663,3600.0
29664,3600.0
29665,3600.0
29666,3600.0
29667,3600.0
29668,3600.0
29669,3600.0
29670,3600.0
29671,3600.0
29672,3600.0
29673,3600.0
29674,3600.0
29675,3600.0
29676,3600.0
29677,7200.0
29678,3600.0
29679,3600.0
29680,3600.0
33267,3600.0
33268,3600.0
33269,3600.0
33270,3600.0
33271,3600.0
33272,3600.0
33273,3600.0
33274,3600.0
33275,3600.0
33276,3600.0
33277,3600.0
33278,3600.0
33279,3600.0
33280,3600.0
33281,3600.0
33282,3600.0
33283,3600.0
33284,3600.0
33285,3600.0
33286,3600.0
33287,3600.0
33288,3600.0
33289,7200.0
33290,3600.0
33291,3600.0
33292,3600.0
33293,3600.0
33294,3600.0
33295,3600.0
33296,3600.0
33297,3600.0
33298,3600.0
33299,3600.0
33300,3600.0
33301,3660.0
33302,3540.0
33303,3600.0
33304,3600.0
33305,3600.0
33306,3600.0
33307,3600.0
33308,3600.0
33309,3600.0
33310,3600.0
33311,3600.0
33312,3600.0
33313,3600.0
33314,3600.0
33315,3600.0
33316,3600.0
33317,3600.0
33318,3600.0
33319,3600.0
33320,3600.0
33321,3600.0
33322,3600.0
33323,3600.0
33324,3600.0
33325,3600.0
33326,3600.0
33327,3600.0
33328,3600.0
33329,3600.0
33330,3600.0
33331,3600.0
33332,3600.0
33333,3600.0
33334,3600.0
33335,3600.0
33336,3600.0
33337,3600.0
33338,3600.0
33339,3600.0
33340,3600.0
33341,3600.0
33342,3600.0
33343,3600.0
33344,3600.0
33345,3600.0
33346,3600.0
33347,3600.0
33348,3600.0
33349,3600.0
33350,3600.0
33351,3600.0
33352,3600.0
33353,3600.0
33354,3600.0
33355,3600.0
33356,3600.0
33357,3600.0
33358,3600.0
33359,3600.0
33360,3600.0
33361,3600.0
33362,3600.0
33363,3600.0
33364,3600.0
33365,3600.0
33366,3600.0
33367,3600.0
33368,3600.0
33369,3600.0
33370,3600.0
33371,3600.0
33372,3600.0
33373,3600.0
33374,3600.0
33375,3600.0
33376,3600.0
33377,3600.0
33378,3600.0
33379,3600.0
33380,3600.0
33381,3600.0
33382,3600.0
33383,3600.0
33384,3600.0
33385,3600.0
33386,3600.0
33387,3600.0
33388,3600.0
33389,3600.0
33390,3600.0
33391,3600.0
33392,3600.0
33393,3600.0
33394,3600.0
33395,3600.0
33396,3600.0
33397,3600.0
33398,3600.0
33399,3600.0
33400,3600.0
33401,3600.0
33402,3600.0
33403,3600.0
33404,3600.0
33405,3600.0
33406,3600.0
33407,3600.0
33408,3600.0
33409,3600.0
33410,3600.0
33411,3600.0
33412,3600.0
33413,3600.0
33414,3600.0
33415,3600.0
33416,3600.0
33417,3600.0
33418,3600.0
33419,3600.0
33420,3600.0
33421,3600.0
33422,3600.0
33423,3600.0
33424,3600.0
33425,3600.0
33426,3600.0
33427,3600.0
33428,3600.0
33429,3600.0
33430,3600.0
33431,3600.0
33432,3600.0
33433,3600.0
33434,3600.0
33435,3600.0
33436,3600.0
33437,3600.0
33438,3600.0
33439,3600.0
33440,3600.0
33441,3600.0
33442,3600.0
33443,3600.0
33444,3600.0
33445,3600.0
33446,3600.0
33447,3600.0
33448,3600.0
33449,3600.0
33450,3600.0
33451,3600.0
33452,3600.0
33453,3600.0
33454,3600.0
33455,3600.0
33456,3600.0
33457,3600.0
33458,3600.0
33459,3600.0
33460,3600.0
33461,3600.0
33462,3600.0
33463,3600.0
33464,3600.0
33465,3600.0
33466,3600.0
33467,3600.0
33468,3600.0
33469,3600.0
33470,3600.0
33471,3600.0
33472,3600.0
33473,3600.0
33474,3600.0
33475,3600.0
33476,3600.0
33477,3600.0
33478,3600.0
33479,3600.0
33480,3600.0
33481,3600.0
33482,3660.0
33483,3540.0
33484,3600.0
33485,3600.0
33486,3720.0
33487,3480.0
33488,3600.0
33489,3600.0
33490,3600.0
33491,3660.0
33492,3540.0
33493,3600.0
33494,3600.0
33495,3600.0
33496,3600.0
33497,3780.0
33498,3420.0
33499,3600.0
33500,3600.0
33501,3600.0
33502,3600.0
33503,3600.0
33504,3600.0
33505,3600.0
33506,3600.0
33507,3600.0
33508,3600.0
33509,3600.0
33510,3600.0
33511,3600.0
33512,3600.0
33513,3600.0
33514,3600.0
33515,3600.0
33516,3600.0
33517,3600.0
33518,3600.0
33519,3600.0
33520,3600.0
33521,3600.0
33522,3600.0
33523,3600.0
33524,3600.0
33525,3600.0
33526,3600.0
33527,3600.0
33528,3600.0
33529,3600.0
33530,3600.0
33531,3600.0
33532,3600.0
33533,3600.0
33534,3600.0
33535,3600.0
33536,3600.0
33537,3600.0
33538,3660.0
33539,3540.0
33540,3600.0
33541,3660.0
33542,3540.0
33543,3600.0
33544,3600.0
33545,3600.0
33546,3600.0
33547,3600.0
33548,3720.0
33549,3480.0
33550,3600.0
33551,3600.0
33552,3600.0
33553,3600.0
33554,3600.0
33555,3600.0
33556,3600.0
33557,3600.0
33558,3600.0
33559,3660.0
33560,3540.0
33561,3600.0
33562,3600.0
33563,3600.0
33564,3600.0
33565,3600.0
33566,3600.0
33567,3600.0
33568,3600.0
33569,3600.0
33570,3600.0
33571,3600.0
33572,3600.0
33573,3600.0
33574,3660.0
33575,3540.0
33576,3600.0
33577,3600.0
33578,3600.0
33579,3600.0
33580,3600.0
33581,3600.0
33582,3600.0
33583,3600.0
33584,3600.0
33585,3660.0
33586,3540.0
33587,3600.0
33588,3600.0
33589,7200.0
33590,3600.0
33591,3600.0
33592,3600.0
33593,3600.0
33594,3660.0
33595,3540.0
33596,3600.0
33597,3600.0
33598,3600.0
33599,3600.0
33600,3600.0
33601,3600.0
33602,3600.0
33603,3600.0
33604,3600.0
33605,3600.0
33606,3600.0
33607,3600.0
33608,3600.0
33609,3600.0
33610,3600.0
33611,3600.0
33612,3600.0
33613,3600.0
33614,3600.0
33615,3600.0
33616,3600.0
33617,3600.0
33618,3600.0
33619,3600.0
33620,3600.0
33621,3600.0
33622,3600.0
33623,3600.0
33624,3600.0
33625,3600.0
33626,3600.0
33627,3600.0
33628,3600.0
33629,3600.0
33630,3600.0
33631,3600.0
33632,3600.0
33633,3600.0
33634,3600.0
33635,3600.0
33636,3600.0
33637,3780.0
33638,3420.0
33639,3600.0
33640,3600.0
33641,3660.0
33642,7140.0
33643,3660.0
33644,3540.0
33645,3660.0
33646,7140.0
33647,7200.0
33648,3600.0
33649,3600.0
33650,3600.0
33651,3600.0
33652,3600.0
33653,3600.0
33654,3600.0
33655,3600.0
33656,3600.0
33657,3600.0
33658,3600.0
33659,3840.0
33660,3360.0
33661,3600.0
33662,3600.0
33663,3840.0
33664,3360.0
33665,3600.0
33666,3600.0
33667,7200.0
33668,3600.0
33669,3600.0
33670,3600.0
33671,3600.0
33672,3600.0
33673,3600.0
33674,3780.0
33675,3420.0
33676,3600.0
33677,3600.0
33678,3600.0
33679,3600.0
33680,3600.0
33681,3600.0
33682,3600.0
33683,3600.0
33684,3600.0
33685,3600.0
33686,3600.0
33687,3600.0
33688,3600.0
33689,3600.0
33690,3600.0
33691,3600.0
33692,3600.0
33693,3600.0
33694,3600.0
33695,3600.0
33696,3600.0
33697,3600.0
33698,3600.0
33699,3600.0
33700,3600.0
33701,3600.0
33702,3600.0
33703,3600.0
33704,3600.0
33705,3600.0
33706,3600.0
33707,7200.0
33708,3600.0
33709,3660.0
33710,3540.0
33711,3600.0
33712,3600.0
33713,3600.0
33714,3600.0
33715,3600.0
33716,3600.0
33717,3600.0
33718,3600.0
33719,3600.0
33720,3600.0
33721,3600.0
33722,3600.0
33723,3600.0
33724,3600.0
33725,3600.0
33726,3600.0
33727,3720.0
33728,3720.0
33729,3360.0
33730,3600.0
33731,3600.0
33732,3600.0
33733,7200.0
33734,3660.0
33735,3540.0
33736,3720.0
33737,7320.0
33738,3360.0
33739,3600.0
33740,3600.0
33741,3600.0
33742,3600.0
33743,3600.0
33744,3600.0
33745,3600.0
33746,3600.0
33747,3600.0
33748,3600.0
33749,3600.0
33750,3660.0
33751,3540.0
33752,3600.0
33753,3600.0
33754,3840.0
33755,3360.0
33756,3600.0
33757,3600.0
33758,3600.0
33759,3600.0
33760,3600.0
33761,3600.0
33762,3600.0
33763,3600.0
33764,7440.0
33765,3360.0
33766,3600.0
33767,3600.0
33768,3600.0
33769,3600.0
33770,3600.0
33771,3600.0
33772,3600.0
33773,3720.0
33774,3480.0
33775,3600.0
33776,3600.0
33777,3660.0
33778,3540.0
33779,3600.0
33780,3600.0
33781,3600.0
33782,3660.0
33783,3540.0
33784,3600.0
33785,3600.0
33786,3600.0
33787,3720.0
33788,3480.0
33789,3600.0
33790,3600.0
33791,3600.0
33792,3600.0
33793,3600.0
33794,3600.0
33795,3840.0
33796,3360.0
33797,3600.0
33798,3600.0
33799,3600.0
33800,7260.0
33801,3540.0
33802,3600.0
33803,3600.0
33804,3660.0
33805,3540.0
33806,3600.0
33807,3600.0
33808,3600.0
33809,3600.0
33810,3600.0
33811,3600.0
33812,3600.0
33813,3600.0
33814,3600.0
33815,3600.0
33816,3600.0
33817,3600.0
33818,3600.0
33819,3600.0
33820,3600.0
33821,3600.0
33822,3600.0
33823,3600.0
33824,3720.0
33825,3480.0
33826,3600.0
33827,3600.0
33828,3660.0
33829,3540.0
33830,3600.0
33831,3600.0
33832,3600.0
33833,3600.0
33834,3600.0
33835,3600.0
33836,3600.0
33837,3600.0
33838,3600.0
33839,3600.0
33840,3600.0
33841,3780.0
33842,3420.0
33843,3600.0
33844,3600.0
33845,3600.0
33846,3600.0
33847,3660.0
33848,3540.0
33849,3600.0
33850,3600.0
33851,3600.0
33852,3720.0
33853,3480.0
33854,3600.0
33855,3600.0
33856,3600.0
33857,3600.0
33858,3600.0
33859,3600.0
33860,3600.0
33861,3600.0
33862,3600.0
33863,3600.0
33864,3600.0
33865,3600.0
33866,3600.0
33867,3600.0
33868,3600.0
33869,3600.0
33870,3600.0
33871,3600.0
33872,3600.0
33873,3600.0
33874,3600.0
33875,3600.0
33876,3600.0
33877,3600.0
33878,3600.0
33879,3600.0
33880,3600.0
33881,3600.0
33882,3600.0
33883,3600.0
33884,3600.0
33885,3600.0
33886,3600.0
33887,3600.0
33888,3600.0
33889,3600.0
33890,3600.0
33891,3600.0
33892,3600.0
33893,3600.0
33894,3600.0
33895,3600.0
33896,3600.0
33897,3600.0
33898,3600.0
33899,3600.0
33900,3600.0
33901,3600.0
33902,3600.0
33903,3600.0
33904,3600.0
33905,3600.0
33906,3600.0
33907,3600.0
33908,3600.0
33909,3600.0
33910,3600.0
33911,3600.0
33912,3660.0
33913,3540.0
33914,3600.0
33915,3600.0
33916,3660.0
33917,3540.0
33918,3600.0
33919,3600.0
33920,3600.0
33921,3660.0
33922,3540.0
33923,3600.0
33924,3660.0
33925,3600.0
33926,3540.0
33927,3720.0
33928,3480.0
33929,3660.0
33930,3540.0
33931,3600.0
33932,3600.0
33933,3600.0
33934,3600.0
33935,3600.0
33936,3600.0
33937,3600.0
33938,3600.0
33939,3600.0
33940,3600.0
33941,3600.0
